,t_statistic,p_value,mean_difference,std_difference
5,-2.435461187358122,0.01666137815248006,-0.03789999999999999,0.1556173434285446
10,-2.0001964313349916,0.04821812239564346,-0.0179,0.08949121056101975
20,-1.3096079157439549,0.1933595666694739,-0.0292,0.22296749774463775
