,t_statistic,p_value,mean_difference,std_difference,mean_traditional,mean_rag,n_samples
5,-2.0335299029267184,0.04467484107792546,-0.0232,0.11408733142605795,0.8556999999999999,0.8324999999999997,100.0
10,-1.5487190876102281,0.12464019361921627,-0.020200000000000006,0.1304303676606058,0.7455999999999999,0.7253999999999998,100.0
20,-0.6783151100450737,0.4991543800893521,-0.0055000000000000075,0.081083259366499,0.8637999999999999,0.8582999999999998,100.0
