gene_set_size,mean_traditional_score,mean_rag_score,mean_score_difference,std_score_difference,mean_processing_time,std_processing_time
5,0.8919000000000001,0.9196,0.02769999999999995,0.03776201394218395,6.748705744743347,1.622634592045058
10,0.8959999999999999,0.9232,0.027199999999999953,0.037553463572121075,6.643795382976532,1.5461158701332707
20,0.8943333333333335,0.9296666666666665,0.03533333333333328,0.04516126913501274,7.06807812054952,2.2609508130195777
